ClientId,ClientSummary
10001,"Reviewed financial goals, planned for security, education, retirement, and investment. Scheduled follow-up for detailed review and charitable giving integration."
10002,"Amelia seeks tax advice on job income and inheritance; advisor recommends planning strategies for retirement, income, and estate."
10003,"Arun and advisor discussed cash flow, retirement planning, and set a meeting for risk management. Follow-up includes summary and resources."
10004,"Discussed behavioral finance, cash flow, tax planning, and college fund; planned investment and risk management strategies; future meeting on tax strategies."
10005,"Discussed retirement, healthcare, education savings, and tax planning. Advised on cash flow, house saving strategies. Planned estate session. Follow-up with detailed plan."
10006,"Reviewed retirement plan, discussed 401(k) and stocks. Next: Adjust contributions, assess stocks, review insurance, and emergency fund. Discussed estate planning for family security."
