ClientId,ClientSummary
10001,"Discussed retirement, investment strategies, and real estate. Agreed to plan retirement strategy and review finances for early retirement next meeting."
10002,"Advised Amelia on 529 Plans, Coverdell ESAs for education; discussed retirement, investments. Scheduled estate planning meeting. Follow-up email with details to be sent."
10003,"Arun discussed home buying, budgeting, and mortgages; planned follow-ups on investments, lender comparisons, and savings strategies."
10004,"Isabella Simmons plans finances for family growth, addressing immediate and long-term costs with advisor. Follow-up: Review budget, update savings goals."
10005,"Karen Berg discusses charitable giving in estate planning, focusing on education and environmental conservation, plans donor-advised fund. Follow-up: finalize fund setup."
10006,"Victoria prioritizes starting a sustainable fashion business over retirement planning; to discuss savings, expenses, healthcare next meeting."