MeetingId,Title,StartDate,EndDate,Advisor,ClientEmail,notes
1,Financial Review,6/7/2024 10:30:00,6/7/2024 10:30:00,John Smith,Alexander.Harrington@contoso.com,Review of financial portfolio
2,Investment Strategy,6/7/2024 10:30:00,6/7/2024 10:30:00,John Smith,Amelia.Harper@contoso.com,Discuss long-term investment strategies
3,Tax Planning,6/7/2024 10:30:00,6/7/2024 10:30:00,John Smith,Arun.Sharma@contoso.com,Plan for upcoming tax season
4,Retirement Planning,6/7/2024 10:30:00,6/7/2024 10:30:00,John Smith,Isabella.Simmons@contoso.com,Discuss retirement goals and plans
5,Quarterly Update,6/7/2024 10:30:00,6/7/2024 10:30:00,John Smith,Karen.Berg@contoso.com,Provide quarterly update on portfolio performance
4,Retirement Planning,6/7/2024 10:30:00,6/7/2024 10:30:00,John Smith,Victoria.Kensington@contoso.com,Discuss retirement goals and plans