ClientId,Client,Email,Occupation,MaritalStatus,Dependents
10001,Alexander Harrington,Alexander.Harrington@contoso.com,Business Owner,Married,2
10002,Amelia Harper,Amelia.Harper@contoso.com,Software Engineer,Single,0
10003,Arun Sharma,Arun.Sharma@contoso.com,Doctor,Married,3
10004,Isabella Simmons,Isabella.Simmons@contoso.com,Software Engineer,Married,0
10005,Karen Berg,Karen.Berg@contoso.com,Business Owner,Married,2
10006,Victoria Kensington,Victoria.Kensington@contoso.com,Doctor,Single,1
