ClientId,Title,StartTime,EndTime,Advisor,ClientEmail
10001,Quarterly Update,2024-06-19 03:00:00,2024-06-19 03:30:00,John Smith,Alexander.Harrington@contoso.com
10002,Investment Strategy,2024-06-20 03:00:00,2024-06-20 03:30:00,John Smith,Amelia.Harper@contoso.com
10003,Quarterly Update,2024-06-21 01:00:00,2024-06-21 01:30:00,John Smith,Arun.Sharma@contoso.com
10004,Investment Strategy,2024-06-20 10:00:00,2024-06-20 10:30:00,John Smith,Isabella.Simmons@contoso.com
10005,Retirement Planning,2024-06-22 06:00:00,2024-06-22 06:30:00,John Smith,Karen.Berg@contoso.com
10006,Investment Strategy,2024-06-20 07:00:00,2024-06-20 07:30:00,John Smith,Victoria.Kensington@contoso.com